feature_0,feature_1,label
1.1879822274065206,-0.4073482977425424,1
-0.38693305210296414,0.6896704427727144,0
0.2237634029715233,0.06976679691477411,1
0.8697575326580043,-0.6552270634833894,1
-0.5685688368491354,0.8843831318374311,0
-0.9548798129169607,0.22065011272790358,0
-0.2788543094539444,0.9178753668087752,0
0.6658871280624657,-0.28718474553647005,1
0.6353315196536651,0.5913845658166095,0
-0.30142062315052,1.106396739491854,0
0.1058864856621758,1.0297995226706407,0
1.925215227398751,0.4497500747682247,1
1.8023295711033598,0.36903172552192853,1
-1.0566773686245343,0.05721101918739094,0
0.6671172648028835,-0.5247027108619347,1
0.09605673615675181,0.24699183711290656,1
-0.6372520735355793,1.0525501533367498,0
0.46000740621884595,-0.4158064733492394,1
1.3594112533894727,-0.4543473480833115,1
-0.4640155531413292,0.9675816164602394,0
0.6850551754518241,0.8508281623000495,0
0.7671445308458331,0.8059509576597986,0
0.7265557270297837,0.2949671502378928,0
0.9893920416252008,0.5092456743894485,0
1.4371664462314713,-0.25285168239629274,1
-1.0431326837993398,-0.07527815132298427,0
0.26264994256299423,0.9652463738390347,0
1.681782019365405,-0.1446255131278846,1
1.1969198384624473,-0.4990202189647262,1
0.050942843228968214,1.0286929576025354,0
-0.8848247812912017,0.35891790133482004,0
-0.268309521398876,0.9035584013003282,0
0.7061692703325708,0.7213336756101156,0
0.9112394916983066,0.3734103969583171,0
0.2730794917993225,0.9151027979305244,0
-0.1924665963142121,0.9778195601645587,0
0.03865626804649955,0.16161307292545649,1
0.6535354301992432,-0.4533395644340834,1
1.9664822373267603,0.18953239066131422,1
1.4841447196903943,-0.5794396854853711,1
0.1032330905658193,0.0814105067133555,1
0.8546850807727759,0.22358973332719817,0
1.25813857785614,-0.39503412664374116,1
0.829223566565829,0.29868120269523896,0
1.0957810260742948,0.6642660972241758,0
1.075668080740204,-0.5005559338553482,1
0.0061629787965904945,1.0774307567051662,0
0.6373237158835314,-0.17996470094180628,1
0.3711412124392174,-0.2906188549171541,1
-0.9070135303257784,0.1445575536285161,0
-0.590195543515577,0.9554439561877375,0
0.8387718189859484,0.4520041932244597,0
0.8282272209845982,0.3690709918360933,0
2.0549164598005456,0.10654097939401273,1
0.7043300604670111,0.1377566075656192,0
-0.9587896614142263,0.5454194990454188,0
0.22779218546359817,1.0442846919005773,0
0.18803077826370707,-0.0853879874434394,1
1.125524444258465,-0.5367301035346564,1
1.240889640914529,-0.5014574962643692,1
1.8452704836837648,0.2124883130088534,1
-0.8109450606276969,0.20054742367964928,0
-0.9527954877672435,0.633796295291163,0
-0.043602824967250264,0.045393876140390255,1
1.2131140770924027,-0.4925788479979921,1
0.773799595011237,0.6645851916472048,0
-0.36144272049625625,1.1106818078107619,0
0.8422596087892713,-0.350166058176947,1
-0.8923639005563229,0.7585495458065841,0
0.2641324150409966,-0.19399656595860637,1
2.104484318331517,-0.12780457284187852,1
0.40238391319847977,0.8168588265800588,0
-0.6934082636770295,0.7523041785399683,0
0.9743090627681779,0.10244383941866345,0
0.5409398247847076,-0.40285079362434195,1
1.058161704568385,-0.4984981502547397,1
0.9007773830308021,-0.0231686446010417,0
0.795986475283502,-0.4752152150244885,1
0.3024616481372816,1.037515046534816,0
-0.6701959335131178,0.8519888808268589,0
0.15528117899568009,0.38768836839915466,1
0.10480654332050893,1.2295474328850173,0
1.833054239838673,-0.12502789919782945,1
0.7232466216491312,0.655803418134511,0
0.5615586985690115,-0.38248726395663823,1
0.821140671125782,0.30424750578122706,0
-0.7708432329616732,0.5659709797934513,0
-0.552273166761997,0.7996065988074732,0
-0.7571474006488952,0.7460603635718022,0
1.624343619941079,-0.49777395753309295,1
1.7330682937665036,-0.48829926672927115,1
1.676549317241666,0.008365826616604732,1
2.1203013200614667,0.2326139017077297,1
-0.3336439736777681,0.9402425351922218,0
0.6454678507105608,-0.23574177694488307,1
1.3114152347657027,-0.5028438400264311,1
1.9115123605628066,-0.08728276115620945,1
1.7095345202629917,-0.29876442297168837,1
1.8261532578915285,0.059587296222301675,1
-0.9039873693244528,0.04688410553495801,0
0.711005681679761,0.8951276993545443,0
0.8617979577081724,-0.5153302795743849,1
0.6038777664234415,-0.45698764244671203,1
-0.8412695103318917,0.5175004511281563,0
-0.6835000423452109,0.7486780282542198,0
-0.4104527140673539,0.8051857423702073,0
0.20896375598727807,0.8444266311894149,0
0.3386236626640599,-0.2843782927967009,1
1.5643079860917326,-0.39700783179398996,1
1.9818430908554066,0.46378905875730153,1
0.49098565742213807,-0.3301419022212663,1
1.8322977558153055,-0.21042832335592493,1
0.32354669591067164,-0.11304927440495019,1
0.9289741493592445,0.019226957540080747,0
-0.04867641105853515,0.449368828594945,1
0.3055919122357758,-0.16192783859473298,1
0.10558848465747736,0.23164133626975125,1
0.7464933364716901,-0.8119427000829504,1
0.03388570260609091,0.47211061214166866,1
-1.0968396615630218,0.4909537005204607,0
0.6839584207001153,-0.34197533373558153,1
0.8303352089939818,0.8600067449105179,0
-0.7581028624394681,0.4383169270837702,0
1.7740653057740317,-0.4360843298061884,1
1.843340746588046,-0.03160359954865988,1
2.132369874068952,0.4378632261593163,1
0.16524586908084976,-0.07798177193920383,1
-0.027520247806182733,1.0866434153611182,0
0.45692730604447174,-0.11717616373711487,1
0.37267843620873203,0.9882497497778614,0
-0.8016005852198681,0.6782192166292974,0
0.6118476514684135,-0.4706376830875728,1
1.012658600634055,0.5328382257715796,0
0.20620450160219697,-0.1660451010792467,1
0.22891126344174287,-0.07854877486063086,1
-1.0649395419822745,0.05469156934247407,0
0.13417446296125007,-0.09976531423145711,1
-0.9167929257320555,0.17238182644568628,0
1.8784505606221893,0.452669401690519,1
-0.06208734026924352,0.38545170207239776,1
1.078095615869055,-0.5594725112609508,1
1.9163098831404866,-0.03791461675564571,1
1.6775313313066602,0.036122017790005706,1
1.3792132248659668,-0.41954239089156226,1
1.8174706189478185,-0.09178645076418032,1
0.8995467503595918,-0.36935834899665065,1
0.9657420238922376,0.019186198210640625,0
-0.8845271312553353,0.1366948605195681,0
-0.7360532400993998,0.4942249386610018,0
0.9455975139581015,0.329752985583679,0
0.4301511368393326,-0.3723173249569389,1
0.5155786850589648,0.8854404750463629,0
-0.06895171659413343,0.9431476832248896,0
0.31335307788438066,-0.43467945846937406,1
0.7411883831886625,-0.46471544674565346,1
0.18738461251547506,0.8874897307420166,0
-0.9294158224210565,0.1985455601528331,0
0.22085799385522467,1.2683919628756042,0
1.0439735856482242,-0.3877775307897292,1
0.791604230621508,-0.6094248059176388,1
1.5339657918946263,-0.14578701419873064,1
-0.6310623867358884,0.5742342413777671,0
1.5094061700889783,-0.33294822419219405,1
-0.661583088619557,0.4832776013167277,0
1.2942302158429149,-0.5189077966251943,1
0.09553202604762347,0.6654780798718994,1
-0.20611886319047523,0.8857956883030211,0
0.982042965598111,0.29638989372445773,0
0.37599131734029334,-0.3611458898661689,1
-0.5712627360110978,0.8185763909979755,0
-0.10800176717142265,0.34472548551398297,1
0.016732385737899116,0.2412949883452883,1
-0.08138337668522214,0.9159513501839458,0
0.1607027664547473,-0.01275789100908243,1
1.7178908247293991,-0.17954301458828914,1
1.0126442914286162,0.39985324625638596,0
2.018464916736346,0.25274680559517443,1
1.927418610885564,0.060067322850566776,1
1.5442600637187476,-0.38138424147883404,1
2.266937460522411,0.2840646875113928,1
0.11293299871345824,0.09981084267188732,1
0.9369370002437666,0.4306387139754586,0
-0.858278820388546,0.3237062728310476,0
1.83194010409574,0.2919103949036688,1
0.8361497790882433,-0.40564848103114803,1
-0.08480348810614888,0.20748589497668207,1
1.0242144059666594,0.14819933908800476,0
0.3267344729879845,0.9670246345301488,0
1.2630943926828608,-0.5175714127423102,1
0.17815684897986656,0.5335191311708869,1
1.1332688061249312,0.19336870744444082,0
1.6706926240783553,-0.27153492808609503,1
0.9811136746573501,0.4425325210585377,0
0.39962400143781507,0.7960510642876352,0
-0.6275945787476644,0.7166621538010902,0
-0.9140831556402179,0.017563781633631356,0
1.9791721225211216,0.5373162272400293,1
0.14088693122430207,0.947845185564708,0
1.014759297949514,-0.6151149927111483,1
0.3839250137870433,0.9906803899318848,0
-0.8472833684168397,0.3280367940920356,0
0.07940540023563225,-0.23567404190864027,1
0.17219311141391322,-0.2351386318954056,1
0.9337588563548336,0.2253662802959383,0
-1.1412888047207697,0.02713472455371964,0
-0.15519288816161955,0.3329592864129868,1
1.6823102395538918,-0.3932173332105745,1
1.3691996817422656,-0.6040737854856559,1
0.4307443208966683,1.0093062269277433,0
0.8301237479592107,0.5493627400255054,0
0.6310331925429606,0.7268214089745829,0
1.484537662695475,-0.35331989834858696,1
1.095258656065167,-0.49543593885697407,1
0.26511978485427234,-0.3600678054762599,1
0.6803793596983887,0.5634854537644414,0
-0.6333294145725272,0.8586753363277928,0
0.07525647680089223,0.362683428478382,1
1.176681753313888,-0.35047026279094495,1
1.4864512017521656,-0.4984700490596785,1
-0.41436846212068557,1.039298553302444,0
0.944382327317223,0.16409572911756387,0
0.07643269155074721,0.8532726617509016,0
0.4542522467261467,0.897363843242808,0
0.5763823895923604,0.7977760436142585,0
1.4867987127231141,-0.38111120257808573,1
-0.2331815873684337,0.9736422500902101,0
0.07210263913841343,0.2208808742290612,1
0.15986115717911384,0.9259998271256674,0
2.0697892669886095,0.3849497683549228,1
-0.41210057572175485,0.8037866648288023,0
0.5485112764942294,-0.30927739395475057,1
0.5756159623140135,0.8790697627940381,0
0.9001771945505358,0.27731330777361934,0
0.7313650916612582,0.6906487923755757,0
-0.2919696028044363,0.9053850869020854,0
-0.4968856994155153,0.7572655403738717,0
0.16331869140669264,-0.07526653718446755,1
0.31140206065093196,0.97841643045949,0
0.8486130334273562,0.4768856808401811,0
1.0183944237754279,0.25031254503810774,0
0.3886598798237557,-0.23046266087366843,1
-1.008309302953668,0.36644905076132805,0
0.6618572483316787,-0.45316713214973264,1
0.652340096774883,0.8855395499036919,0
0.5201564532625523,0.9194252964424743,0
1.8180407454195069,0.07654824945571469,1
1.8684099225998128,0.4333365629804037,1
0.3290618492875805,-0.10190794619370669,1
0.7912695601414219,0.8136870707671269,0
0.35012334901315106,-0.05555178424381202,1
-1.0252820574470343,0.487599640871917,0
1.0485722490688458,-0.5710489624727602,1
0.6768685334202469,0.7133299811852923,0
0.444079885410985,-0.36800650146674996,1
-1.0569172518206293,0.2813653522106785,0
0.2926993344742144,0.8722552813065594,0
0.08383668379570744,0.07472301070392579,1
2.0723944149164506,0.22003172861921533,1
0.16136649582806922,0.19848616034418137,1
-0.009849329974365544,0.37143239866278016,1
0.4611105516710364,0.9444902537120486,0
2.016867099902221,0.37777100501810934,1
1.9365679694057554,0.40988876449671263,1
-1.0074066452593087,0.10480242866601193,0
1.7822212750548416,-0.17132570883033632,1
-0.44320003751379433,0.8596074910244965,0
0.8056963187820697,-0.4582021928296151,1
-0.35710771136554886,1.0558637334035932,0
0.7304076810962087,-0.08481726517587285,0
-0.7951100034642232,0.8420574690702537,0
1.8366470376418207,-0.19691937209259278,1
1.9090862162772664,-0.005768748477726571,1
0.33585328798507813,1.0381334308603558,0
0.8259653889704985,0.7515548057081838,0
-0.5958857896542157,0.7426007873203716,0
-0.09455759477054392,0.9613972570618462,0
-0.8749118646485774,0.5063477846068376,0
-1.0521769018448046,0.14485155251171425,0
1.2200856204363182,0.15536160068016752,0
-0.5444604044941689,0.898151562582812,0
0.5842398420902545,0.6628501936721369,0
-0.930403228318181,0.1602089409997663,0
0.694331518453081,-0.5793246989238641,1
0.10974659675699161,0.3334739194303845,1
-0.4385401043094369,0.8956251442815768,0
0.16228881956408397,0.3827345413348948,1
0.11152971354444347,0.8561352340336926,0
1.5230372346790781,-0.25770405933814017,1
-0.42034253660867227,0.7869853944899923,0
1.7984528884965802,-0.17683259373651983,1
-1.0169841715337868,0.29973159298413066,0
1.2415612264774272,-0.42541825865274185,1
1.8590218399006102,0.09603230027889864,1
1.979940615041353,0.313864168511634,1
1.1972551451149696,-0.622946516647379,1
0.07392335895990476,0.9037565630745368,0
-0.9813540715012139,0.2821595486620353,0
2.0109224916815784,0.26382076762626594,1
-0.6545802002047321,0.7074170461691696,0
0.19245535457100788,0.06347186884861737,1
